Metric,Current Performance,Evaluation Summary
Efficiency Gains,90%,Needs Improvement
ROI,85%,Excellent
ROI,90%,Excellent
Efficiency Gains,85%,Satisfactory
Efficiency Gains,85%,Excellent
Efficiency Gains,70%,Excellent
User Adoption Rate,70%,Satisfactory
Efficiency Gains,90%,Needs Improvement
Efficiency Gains,70%,Excellent
Efficiency Gains,70%,Needs Improvement
ROI,70%,Satisfactory
ROI,85%,Needs Improvement
Efficiency Gains,85%,Good
ROI,90%,Satisfactory
Efficiency Gains,70%,Satisfactory
User Adoption Rate,90%,Excellent
Efficiency Gains,85%,Needs Improvement
Efficiency Gains,90%,Satisfactory
Efficiency Gains,85%,Satisfactory
User Adoption Rate,70%,Excellent
Efficiency Gains,80%,Needs Improvement
ROI,70%,Needs Improvement
User Adoption Rate,90%,Needs Improvement
User Adoption Rate,70%,Excellent
ROI,70%,Excellent
ROI,80%,Satisfactory
User Adoption Rate,80%,Satisfactory
Efficiency Gains,70%,Satisfactory
Efficiency Gains,90%,Needs Improvement
Efficiency Gains,90%,Excellent
ROI,90%,Good
User Adoption Rate,90%,Satisfactory
User Adoption Rate,90%,Excellent
ROI,85%,Needs Improvement
Efficiency Gains,70%,Satisfactory
ROI,85%,Satisfactory
Efficiency Gains,90%,Good
User Adoption Rate,85%,Satisfactory
User Adoption Rate,90%,Excellent
User Adoption Rate,85%,Excellent
ROI,90%,Satisfactory
User Adoption Rate,85%,Satisfactory
ROI,90%,Excellent
User Adoption Rate,80%,Good
Efficiency Gains,90%,Needs Improvement
Efficiency Gains,85%,Good
User Adoption Rate,90%,Good
User Adoption Rate,70%,Needs Improvement
ROI,80%,Good
ROI,80%,Excellent
